{
    "mAP_50_all": 0.00017495001840164224,
    "mAP_50_small": 0.00022644594914790334,
    "mAP_50_medium": 0.0012991576183131216,
    "mAP_50_large": 0.00012751121421751384
}