{
    "mAP_50_all": 0.0001761167710014776,
    "mAP_50_small": 0.00026879218031506985,
    "mAP_50_medium": 0.0010727842059175875,
    "mAP_50_large": 0.00012754027315425455
}