{
    "mAP_50_all": 0.00017386605411038984,
    "mAP_50_small": 0.0002714124845263436,
    "mAP_50_medium": 0.000980066125431215,
    "mAP_50_large": 0.0001449098769649658
}